
[
  {
    "id": "solar-panel-efficiency",
    "title": "Maximizing Your Solar Panel Efficiency: A Complete Guide",
    "author": "Dr. Evelyn Reed",
    "date": "2024-07-20",
    "summary": "Learn the best practices for maintaining your solar panels and ensuring they produce the maximum amount of energy for your home or business.",
    "featuredImage": "https://images.unsplash.com/photo-1509391366360-2e959784a276?q=80&w=2070&auto=format&fit=crop",
    "content": "<p>Solar panel efficiency is a crucial factor in getting the most out of your renewable energy investment. While modern panels are highly efficient, there are several steps you can take to ensure they perform at their peak for years to come.</p><h3>Regular Cleaning</h3><p>Dust, pollen, leaves, and other debris can accumulate on your panels, reducing the amount of sunlight that reaches the photovoltaic cells. We recommend cleaning your panels at least twice a year. Use a soft brush and clean water to gently wash the surface. Avoid harsh detergents or abrasive materials that could scratch the glass.</p><h3>Optimal Positioning</h3><p>The angle and orientation of your solar panels play a significant role in their energy output. In the Northern Hemisphere, panels should ideally face south to capture the maximum amount of sunlight throughout the day. Our team at Radiant Waves ensures your installation is perfectly positioned for your specific location and roof structure.</p><h3>Monitoring Performance</h3><p>Keeping an eye on your system's performance data can help you spot any issues early. Most modern inverters come with monitoring software that allows you to track energy production. If you notice a sudden or significant drop in output that isn't related to weather, it might be time for a professional inspection.</p><p>By following these simple tips, you can ensure your solar energy system remains a powerful and reliable source of clean energy for your property. Contact us for a free consultation or maintenance check-up!</p>"
  },
  {
    "id": "future-of-solar",
    "title": "The Future is Bright: Innovations in Solar Technology",
    "author": "Marcus Chen",
    "date": "2024-07-15",
    "summary": "From transparent solar cells to perovskite materials, discover the exciting innovations that are shaping the future of solar energy.",
    "featuredImage": "https://images.unsplash.com/photo-1624371429980-6925920f012e?q=80&w=1974&auto=format&fit=crop",
    "content": "<p>The solar industry is in a constant state of evolution, with researchers and engineers around the world developing groundbreaking technologies that promise to make solar power even more efficient, affordable, and versatile.</p><h3>Perovskite Solar Cells</h3><p>One of the most exciting advancements is the development of perovskite solar cells. These cells use a unique crystal structure that is incredibly effective at converting sunlight into electricity. They are cheaper to produce than traditional silicon cells and can be applied to flexible surfaces, opening up new possibilities for integration into buildings, vehicles, and even clothing.</p><h3>Transparent Solar Panels</h3><p>Imagine windows that generate electricity. That's the promise of transparent solar technology. These innovative panels can replace traditional glass in windows and skylights, harvesting energy without obstructing the view. While still in development, this technology could revolutionize urban energy generation.</p><h3>Bifacial Solar Panels</h3><p>Bifacial panels can capture sunlight from both sides. When installed on reflective surfaces, they can generate significantly more power than their single-sided counterparts. Radiant Waves is already offering bifacial panel solutions for commercial and ground-mounted projects to maximize energy yield.</p><p>These are just a few of the innovations driving the solar revolution. At Radiant Waves, we stay at the forefront of these advancements to bring our clients the best and most effective solar solutions available.</p>"
  }
]
